country,1960,1961,1962,1963,1964,1965,1966,1967,1968,1969,1970,1971,1972,1973,1974,1975,1976,1977,1978,1979,1980,1981,1982,1983,1984,1985,1986,1987,1988,1989,1990,1991,1992,1993,1994,1995,1996,1997,1998,1999,2000,2001,2002,2003,2004,2005,2006,2007,2008,2009,2010,2011,2012,2013,2014,2015,2016,2017,2018,2019,2020,2021
Aruba,0,,,,,0,,,,,0,,,,,0,0,0,0,0,0,0,0,0,0,0,0,0,0,0,0,0,20,,,1720,3000,3400,5380,12k,15k,53k,61.8k,70k,98.4k,103k,109k,114k,121k,128k,132k,,135k,139k,140k,141k,,,,141k,141k,
Afghanistan,0,,,,,0,,,,,0,,,,,0,0,0,0,0,0,0,0,0,0,0,0,0,0,0,0,0,0,0,0,0,0,0,0,0,0,0,25k,200k,600k,1.2M,2.52M,4.67M,7.9M,10.5M,10.2M,13.8M,15.3M,16.8M,18.4M,19.7M,21.6M,23.9M,22M,22.6M,22.7M,
Angola,0,,,,,0,,,,,0,,,,,0,0,0,0,0,0,0,0,0,0,0,0,0,0,0,0,0,0,1100,1820,1990,3300,7050,9820,24k,25.8k,75k,140k,350k,740k,1.61M,3.05M,4.96M,6.77M,8.11M,9.4M,12.1M,12.8M,13.3M,14.1M,13.9M,13M,13.3M,13.3M,14.8M,14.6M,15.3M
Albania,0,,,,,0,,,,,0,,,,,0,0,0,0,0,0,0,0,0,0,0,0,0,0,0,0,0,0,0,0,0,2300,3300,5600,11k,29.8k,393k,851k,1.1M,1.26M,1.53M,1.91M,2.32M,1.86M,2.46M,2.69M,3.1M,3.5M,3.69M,3.36M,3.4M,3.37M,3.63M,2.71M,2.63M,2.62M,2.64M
Andorra,0,,,,,0,,,,,0,,,,,0,0,0,0,0,0,0,0,0,0,0,0,0,0,0,0,0,770,780,784,2830,5490,8620,14.1k,20.6k,23.5k,29.4k,32.8k,51.9k,58.4k,64.6k,69k,63.5k,64.2k,64.5k,65.5k,65k,63.9k,63.9k,66.2k,71.3k,76.1k,80.3k,82.6k,87.9k,94k,
UAE,,,,,,,,,,,,,,,,,,,,,,,2330,3560,4940,7920,11.2k,13.7k,13.8k,24.9k,33.6k,43k,48.9k,70.6k,91.5k,129k,194k,309k,493k,832k,1.43M,1.91M,2.43M,2.97M,3.68M,4.53M,5.52M,7.73M,9.36M,10.7M,10.9M,11.7M,13.8M,16.1M,16.8M,17.9M,19.9M,19.8M,20.1M,19.6M,18.4M,18.2M
Argentina,0,,,,,0,,,,,0,,,,,0,0,0,0,0,0,0,0,0,0,0,0,0,0,2300,12k,25k,46.6k,112k,241k,405k,667k,2.01M,2.67M,3.85M,6.49M,6.74M,6.57M,7.84M,13.5M,22.2M,31.5M,40.4M,46.5M,52.5M,57.1M,60.7M,64.3M,67.4M,61.2M,61.8M,63.7M,61.9M,58.6M,56.4M,54.8M,59.1M
Armenia,0,,,,,0,,,,,0,,,,,0,0,0,0,0,0,0,0,0,0,0,0,0,0,0,0,0,0,0,0,0,300,5000,7830,8160,17.5k,25.5k,71.3k,114k,203k,318k,1.26M,1.88M,1.44M,2.19M,3.87M,3.21M,3.32M,3.35M,3.46M,3.46M,3.43M,3.49M,3.58M,3.62M,3.49M,3.6M
American Samoa,0,,,,,0,,,,,0,,,,,0,0,0,0,0,0,0,0,0,0,0,0,0,0,0,0,0,700,900,1200,1250,1300,1400,1500,1800,1990,2160,2040,2100,2250,,,,,,,,,,,,,,,,,
Antigua and Barbuda,0,,,,,0,,,,,0,,,,,0,0,0,0,0,0,0,0,0,0,0,0,0,0,,0,,,,,,1300,1400,1500,8500,22k,25k,38.2k,46.1k,54k,86k,110k,112k,137k,135k,168k,176k,127k,114k,120k,176k,180k,184k,,184k,184k,
Australia,0,,,,,0,,,,,0,,,,,0,0,0,0,0,0,0,0,0,0,0,0,4420,31.6k,94.5k,185k,291k,497k,690k,1.22M,2.24M,3.99M,4.58M,4.92M,6.32M,8.56M,11.1M,12.7M,14.3M,16.5M,18.4M,19.8M,21.3M,22.1M,22.2M,22.5M,23.8M,24.3M,24.9M,25.1M,25.8M,26.6M,26.7M,27.6M,27.5M,27.5M,27.1M
Austria,0,,,,,0,,,,,0,,,,,0,0,0,0,0,0,0,0,0,0,9760,19.1k,26.2k,36.9k,50.7k,73.7k,115k,172k,221k,278k,384k,599k,1.16M,2.29M,4.25M,6.12M,6.54M,6.74M,7.27M,7.99M,8.66M,9.28M,9.91M,10.8M,11.4M,12.2M,13M,13.6M,13.3M,13M,13.5M,11.1M,10.9M,11M,10.7M,10.7M,10.9M
Azerbaijan,0,,,,,0,,,,,0,,,,,0,0,0,0,0,0,0,0,0,0,0,0,0,0,0,0,0,0,0,500,6000,17k,40k,65k,370k,420k,730k,794k,1.06M,1.46M,2.24M,3.32M,4.52M,6.55M,7.76M,9.1M,10.1M,10.1M,10.1M,10.6M,10.7M,10.2M,10.1M,10.3M,10.8M,10.3M,10.8M
Burundi,0,,,,,0,,,,,0,,,,,0,0,0,0,0,0,0,0,0,0,0,0,0,0,0,0,0,0,353,378,564,561,619,620,800,16.3k,33.4k,52k,64k,101k,153k,200k,270k,481k,921k,1.68M,1.91M,2.25M,2.54M,3.19M,5M,5.36M,5.92M,6.32M,6.53M,6.63M,7.74M
Belgium,0,,,,,0,,,,,0,,,,,0,0,0,0,0,0,0,0,0,0,0,3800,7220,19.2k,30.8k,42.9k,51.4k,61.5k,67.8k,128k,235k,478k,974k,1.76M,3.19M,5.63M,7.7M,8.1M,8.61M,9.13M,9.6M,9.85M,10.7M,11.3M,11.8M,12.2M,12.5M,12.3M,12.3M,12.7M,12.8M,12.6M,11.4M,11.4M,11.5M,11.5M,11.7M
Benin,0,,,,,0,,,,,0,,,,,0,0,0,0,0,0,0,0,0,0,0,0,0,0,0,0,0,0,0,0,1050,2710,4300,6290,7270,55.5k,125k,219k,236k,459k,596k,1.06M,2.05M,3.63M,5.03M,7.07M,7.77M,8.41M,9.63M,8.66M,9.32M,8.89M,8.77M,9.46M,10.3M,11.1M,12.7M
Burkina Faso,0,,,,,0,,,,,0,,,,,0,0,0,0,0,0,0,0,0,0,0,0,0,0,0,0,0,0,0,0,0,525,1500,2730,5040,25.2k,76.2k,111k,238k,396k,634k,1.02M,1.86M,3.02M,3.82M,5.71M,7.68M,9.98M,11.2M,12.5M,14.4M,15.4M,17.9M,19.3M,20.4M,22.1M,24.7M
Bangladesh,0,,,,,0,,,,,0,,,,,0,0,0,0,0,0,0,0,0,0,0,0,0,0,0,0,0,250,500,1100,2500,4000,26k,75k,149k,279k,520k,1.07M,1.36M,2.78M,9M,19.1M,34.4M,44.6M,51.4M,67.9M,84.4M,97.2M,117M,127M,131M,136M,151M,162M,166M,176M,181M
Bulgaria,0,,,,,0,,,,,0,,,,,0,0,0,0,0,0,0,0,0,0,0,0,0,0,0,0,0,0,1000,6500,20.9k,26.6k,70k,127k,350k,738k,1.55M,2.6M,3.5M,4.73M,6.24M,8.25M,9.9M,10.4M,10.5M,10.2M,10.5M,10.8M,10.5M,9.49M,9.19M,8.97M,8.53M,8.39M,8.13M,7.95M,7.9M
Bahrain,0,,,,,0,,,,,0,,,,,0,0,0,0,0,0,0,0,0,0,0,618,1710,2890,4250,5150,7350,9680,11.4k,17.6k,27.6k,40.1k,58.5k,92.1k,133k,206k,300k,389k,443k,650k,767k,907k,1.12M,1.44M,1.4M,1.57M,1.69M,2.12M,2.21M,2.33M,2.52M,2.99M,2.36M,2.09M,1.92M,1.77M,1.92M
Bahamas,0,,,,,0,,,,,0,,,,,0,0,0,0,0,0,0,0,0,0,0,0,0,0,0,1920,2020,2600,2400,,4100,4950,6200,8070,15.9k,31.5k,60.6k,122k,122k,186k,228k,253k,374k,358k,359k,428k,299k,300k,287k,315k,311k,360k,354k,389k,426k,466k,
Bosnia and Herzegovina,0,,,,,0,,,,,0,,,,,0,0,0,0,0,0,0,0,0,0,0,0,0,0,0,0,0,0,0,0,0,1500,9000,25.2k,52.6k,93.4k,445k,749k,1.07M,1.41M,1.59M,1.89M,2.45M,3.18M,3.26M,3.11M,3.17M,3.36M,3.49M,3.49M,3.44M,3.4M,3.44M,3.46M,3.76M,3.51M,3.73M
Belarus,0,,,,,0,,,,,0,,,,,0,0,0,0,0,0,0,0,0,0,0,0,0,0,0,0,0,0,324,1720,5900,6550,8170,12.2k,23.5k,49.4k,138k,463k,1.12M,2.24M,4.1M,5.96M,6.96M,8.13M,9.69M,10.3M,10.7M,10.7M,11.1M,11.4M,11.4M,11.4M,11.4M,11.6M,11.6M,11.7M,11.8M
Belize,0,,,,,0,,,,,0,,,,,0,0,0,0,0,0,0,0,0,0,0,0,0,0,0,0,0,0,400,832,1550,2180,2540,3540,6590,16.8k,39.2k,51.7k,60.4k,75k,96k,118k,118k,160k,162k,194k,222k,172k,175k,172k,212k,223k,239k,246k,255k,264k,
Bermuda,0,,,,,0,,,,,0,,,,,0,0,0,0,0,0,0,0,0,0,0,0,,,745,1110,1440,1940,3400,5130,6320,7980,10.3k,12.6k,12.8k,13k,13.3k,30k,40k,49k,52.7k,60.1k,69k,79k,85k,88.2k,,91k,94.3k,59.5k,38k,63.9k,65k,,67k,68k,
Bolivia,0,,,,,0,,,,,0,,,,,0,0,0,0,0,0,0,0,0,0,0,0,0,0,0,0,295,1550,2660,4060,7230,33.4k,118k,239k,420k,583k,780k,1.02M,1.28M,1.8M,2.42M,2.88M,3.25M,5.04M,6.46M,7.18M,8.35M,9.49M,10.4M,10.5M,10.2M,10.1M,11M,11.4M,11.7M,11.8M,12M
Brazil,0,,,,,0,,,,,0,,,,,0,0,0,0,0,0,0,0,0,0,0,0,0,0,0,667,6700,32k,182k,574k,1.29M,2.5M,4.55M,7.37M,15M,23.2M,28.7M,34.9M,46.4M,65.6M,86.2M,99.9M,121M,151M,169M,197M,234M,248M,271M,281M,258M,244M,221M,209M,202M,206M,220M
Barbados,0,,,,,0,,,,,0,,,,,0,0,0,0,0,0,0,0,0,0,0,0,0,0,0,0,486,796,1560,2970,4610,6280,8010,12k,20.3k,28.5k,53.1k,97.2k,140k,200k,206k,237k,258k,289k,337k,350k,348k,349k,308k,305k,335k,332k,330k,329k,329k,295k,317k
Brunei,0,,,,,0,,,,,0,,,,,0,0,0,0,0,0,0,0,0,0,0,0,0,0,,1770,3030,4100,8300,15.6k,35.9k,43.5k,45k,49.1k,66k,95k,143k,154k,177k,202k,233k,301k,366k,399k,413k,435k,443k,470k,469k,452k,463k,523k,545k,566k,575k,537k,603k
Bhutan,0,,,,,0,,,,,0,,,,,0,0,0,0,0,0,0,0,0,0,0,0,0,0,0,0,0,0,0,0,0,0,0,0,0,0,0,0,2260,19.1k,36k,82.1k,149k,253k,339k,394k,484k,561k,544k,625k,676k,698k,731k,704k,729k,745k,778k
Botswana,0,,,,,0,,,,,0,,,,,0,0,0,0,0,0,0,0,0,0,0,0,0,0,0,0,0,0,0,0,0,0,0,15.2k,92k,222k,332k,332k,445k,523k,564k,823k,1.15M,1.49M,1.87M,2.36M,2.9M,3.08M,3.25M,3.41M,3.48M,3.29M,3.24M,3.38M,3.75M,3.83M,4.16M
Central African Republic,0,,,,,0,,,,,0,,,,,0,0,0,0,0,0,0,0,0,0,0,0,0,0,0,0,0,0,0,0,44,1070,1370,1630,4160,4970,11k,12.6k,40k,60k,100k,110k,340k,570k,864k,979k,992k,1.14M,1.36M,1.16M,1.24M,1.25M,1.18M,1.28M,1.6M,1.83M,
Canada,0,,,,,0,,,,,0,,,,,0,0,0,0,0,0,0,0,0,0,12k,60k,98.4k,203k,345k,584k,776k,1.03M,1.33M,1.87M,2.59M,3.5M,4.2M,5.35M,6.91M,8.73M,10.6M,11.9M,13.3M,15M,17M,18.7M,20.3M,22.1M,23.8M,25.8M,26.8M,27.7M,28.4M,28.8M,29.8M,30.8M,31.7M,33.2M,34.4M,32.4M,32.7M
Switzerland,0,,,,,0,,,,,0,,,,,0,0,0,0,0,0,0,0,0,0,0,0,5480,30.8k,72.7k,125k,175k,215k,258k,332k,447k,663k,1.04M,1.7M,3.06M,4.64M,5.28M,5.74M,6.19M,6.27M,6.83M,7.44M,8.21M,8.9M,9.32M,9.64M,10.1M,10.6M,11M,11.2M,11.2M,11.2M,11.1M,10.8M,10.9M,11M,11.1M
Chile,0,,,,,0,,,,,0,,,,,0,0,0,0,0,0,0,0,0,0,0,0,0,0,4890,13.9k,36.1k,64.4k,85.2k,116k,197k,319k,410k,964k,2.26M,3.4M,5.1M,6.24M,7.27M,9.26M,10.6M,12.5M,14M,14.8M,16.5M,19.9M,22.3M,23.9M,23.7M,23.7M,23.2M,23.3M,23M,25.2M,25.1M,25.1M,26.6M
China,0,,,,,0,,,,,0,,,,,0,0,0,0,0,0,0,0,0,0,0,0,700,3230,9810,18.3k,47.5k,177k,638k,1.57M,3.63M,6.85M,13.2M,23.9M,43.3M,85.3M,145M,206M,270M,335M,393M,461M,547M,641M,747M,859M,986M,1.11B,1.23B,1.29B,1.29B,1.36B,1.47B,1.65B,1.75B,1.72B,1.73B
Cote d'Ivoire,0,,,,,0,,,,,0,,,,,0,0,0,0,0,0,0,0,0,0,0,0,0,0,0,0,0,0,0,0,0,13.5k,36k,91.2k,257k,473k,729k,1.03M,1.28M,1.67M,2.35M,4.07M,7.47M,10.4M,13.2M,15.6M,17.3M,18.1M,19.4M,22.1M,25.4M,27.5M,31.7M,33.8M,37.4M,40.1M,44.6M
Cameroon,0,,,,,0,,,,,0,,,,,0,0,0,0,0,0,0,0,0,0,0,0,0,0,0,0,0,0,0,1600,2800,3500,4200,5000,6000,103k,417k,702k,1.08M,1.53M,2.25M,3.14M,4.54M,6.16M,8M,8.64M,10.5M,13.1M,15.7M,17M,18.2M,18.7M,20.1M,18.5M,21.4M,22.4M,22.4M
"Congo, Dem. Rep.",0,,,,,0,,,,,0,,,,,0,0,0,0,0,0,0,0,0,0,0,0,0,0,0,0,0,,,,8500,7200,8900,10k,12k,15k,150k,560k,1.25M,1.99M,2.75M,4.42M,6.59M,9.94M,9.46M,11.8M,15.6M,20.1M,28.2M,37.1M,37.8M,28.9M,35.4M,36.5M,37.1M,40.8M,
"Congo, Rep.",0,,,,,0,,,,,0,,,,,0,0,0,0,0,0,0,0,0,0,0,0,0,0,0,0,0,0,0,0,0,1000,,3390,5000,70k,150k,222k,330k,384k,558k,917k,1.29M,1.81M,2.95M,3.72M,3.88M,4.28M,4.66M,4.93M,5.22M,5.42M,5.06M,5M,4.95M,4.89M,5.56M
Colombia,0,,,,,0,,,,,0,,,,,0,0,0,0,0,0,0,0,0,0,0,0,0,0,0,0,0,0,0,86.8k,275k,523k,1.26M,1.8M,1.97M,2.26M,3.27M,4.6M,6.19M,10.4M,21.8M,29.8M,33.9M,41.4M,42.2M,44.5M,46.2M,49.1M,50.3M,55.3M,57.3M,58.7M,62.2M,64.5M,66.3M,67.7M,75.1M
Comoros,0,,,,,0,,,,,0,,,,,0,0,0,0,0,0,0,0,0,0,0,0,0,0,0,0,0,0,0,0,0,0,0,0,0,0,0,0,2000,8380,15.5k,36.9k,62.1k,91.7k,123k,165k,216k,284k,348k,383k,425k,454k,469k,499k,575k,782k,853k
Cape Verde,0,,,,,0,,,,,0,,,,,0,0,0,0,0,0,0,0,0,0,0,0,0,0,0,0,0,0,0,0,0,0,20,1020,8070,19.7k,31.5k,42.9k,53.3k,65.8k,81.7k,109k,152k,278k,291k,372k,396k,425k,499k,613k,611k,602k,612k,610k,596k,545k,590k
Costa Rica,0,,,,,0,,,,,0,,,,,0,0,0,0,0,0,0,0,0,0,0,0,0,0,0,0,0,3010,4530,6990,18.8k,46.5k,64.4k,109k,138k,212k,327k,502k,778k,923k,1.1M,1.44M,1.51M,1.89M,1.95M,3.13M,4.15M,5.38M,7.11M,7.02M,7.54M,8.33M,8.84M,8.5M,8.55M,7.51M,7.83M
Cuba,0,,,,,0,,,,,0,,,,,0,0,0,0,0,0,0,0,0,0,0,0,0,0,0,0,0,234,500,1150,1940,2430,2990,4060,5140,6540,8580,17.9k,35.4k,75.8k,136k,153k,198k,332k,621k,1M,1.32M,1.68M,2M,2.53M,3.34M,3.99M,4.61M,5.37M,6.04M,6.66M,7.1M
Cayman Islands,0,,,,,0,,,,,0,,,,,0,0,0,0,0,0,0,0,0,0,0,0,0,0,0,0,559,988,1260,1810,2530,,4110,5170,8410,10.7k,17k,19k,21k,33.8k,80.9k,92.6k,101k,98.3k,109k,101k,96.8k,98.8k,98k,91.1k,93.2k,95.7k,96.7k,,99k,100k,
Cyprus,0,,,,,0,,,,,0,,,,,0,0,0,0,0,0,0,0,0,0,0,0,0,168,1350,3160,5130,9740,15.3k,22.9k,44.5k,70.8k,92k,116k,152k,218k,314k,418k,552k,658k,783k,868k,988k,1.02M,978k,1.03M,1.09M,1.11M,1.1M,1.11M,1.11M,1.13M,1.18M,1.2M,1.24M,1.24M,1.32M
Czech Republic,0,,,,,0,,,,,0,,,,,0,0,0,0,0,0,0,0,0,0,0,0,0,0,0,0,1240,4650,14k,30.4k,48.9k,200k,526k,965k,1.94M,4.35M,6.95M,8.61M,9.71M,10.8M,11.8M,12.4M,13.2M,13.8M,13.1M,12.9M,13.2M,13.5M,13.7M,13.9M,12.5M,12.5M,12.6M,12.7M,13.1M,13M,13.1M
Germany,0,,,,,0,,,,,0,,,,,0,0,0,0,0,0,0,0,0,0,1080,23.8k,48.7k,98.8k,164k,273k,532k,972k,1.77M,2.49M,3.73M,5.51M,8.28M,13.9M,23.4M,48.2M,56.1M,59.1M,64.8M,71.3M,79.3M,85.7M,96.2M,106M,105M,88.4M,90.9M,92.4M,100M,99.5M,96.4M,103M,110M,108M,107M,107M,106M
Djibouti,0,,,,,0,,,,,0,,,,,0,0,0,0,0,0,0,0,0,0,0,0,0,0,0,0,0,0,0,0,0,110,203,220,280,230,3000,15k,23k,34.5k,44.1k,44.8k,69.5k,113k,129k,166k,193k,212k,244k,287k,314k,345k,373k,395k,414k,434k,489k
Dominica,0,,,,,0,,,,,0,,,,,0,0,0,0,0,0,0,0,0,0,0,0,0,0,0,0,0,0,0,0,0,461,556,650,800,1200,7710,12.2k,23.8k,41.8k,52k,71.5k,89k,91k,98.5k,106k,109k,109k,93.6k,73.9k,77.3k,78.4k,75.2k,76.8k,78.1k,76k,
Denmark,0,,,,,0,,,,,0,,,,,0,0,0,0,0,0,0,7200,16.1k,30.6k,46.1k,57.6k,77.4k,101k,124k,148k,176k,211k,358k,504k,822k,1.32M,1.44M,1.93M,2.63M,3.36M,3.96M,4.48M,4.77M,5.17M,5.45M,5.83M,6.31M,6.56M,6.83M,6.42M,7.17M,7.29M,7.03M,7.16M,7.08M,6.99M,7.14M,7.22M,7.24M,7.25M,7.29M
Dominican Republic,0,,,,,0,,,,,0,,,,,0,0,0,0,0,0,0,0,0,0,0,0,0,0,0,3170,5610,7190,10.4k,21k,56k,82.5k,142k,209k,424k,705k,1.27M,1.7M,2.09M,2.53M,3.62M,4.61M,5.51M,7.21M,8.63M,8.89M,8.77M,8.93M,9.2M,8.3M,8.8M,8.71M,8.77M,8.94M,8.95M,8.99M,9.74M
Algeria,0,,,,,0,,,,,0,,,,,0,0,0,0,0,0,0,0,0,0,0,0,0,0,0,470,4780,4780,4780,1350,4690,11.7k,17.4k,18k,72k,86k,100k,450k,1.45M,4.88M,13.7M,21M,27.6M,27M,32.7M,32.8M,35.6M,37.5M,39.5M,43.3M,43.2M,47M,45.8M,47.2M,45.4M,45.6M,47M
Ecuador,0,,,,,0,,,,,0,,,,,0,0,0,0,0,0,0,0,0,0,0,0,0,0,0,0,0,0,0,18.9k,54.4k,59.8k,127k,243k,383k,482k,859k,1.56M,2.4M,3.54M,6.25M,8.49M,9.94M,11.7M,13.2M,14.8M,15.3M,16.5M,16.6M,16.6M,12.9M,13.9M,14.7M,15.8M,15.9M,15.5M,16.8M
Egypt,0,,,,,0,,,,,0,,,,,0,0,0,0,0,0,0,0,0,0,0,0,2630,3020,3620,4000,4500,4910,6880,7370,7370,7370,65.4k,90.8k,481k,1.36M,2.79M,4.49M,5.8M,7.64M,13.6M,18M,30.1M,41.3M,55.4M,70.7M,83.4M,96.8M,99.7M,95.3M,94M,97.8M,103M,93.8M,95.3M,95.4M,103M
Eritrea,0,,,,,0,,,,,0,,,,,0,0,0,0,0,0,0,0,0,0,0,0,0,0,0,0,0,0,0,0,0,0,0,0,0,0,0,0,0,20k,40.4k,62k,84.3k,109k,141k,185k,242k,305k,355k,417k,475k,506k,695k,,1.31M,1.8M,
Spain,0,,,,,0,,,,,0,,,,,0,0,0,0,0,0,0,0,,,,1700,4200,11.6k,29.8k,54.7k,108k,180k,257k,412k,945k,3M,4.34M,6.44M,15M,24.3M,29.7M,33.5M,37.2M,38.6M,42.7M,45.7M,48.4M,49.6M,51.1M,51.4M,52.6M,50.7M,50.2M,50.8M,51.1M,51.5M,52.5M,54.2M,55.4M,55.6M,56.8M
Estonia,0,,,,,0,,,,,0,,,,,0,0,0,0,0,0,0,0,0,0,0,0,0,0,0,0,570,2500,7220,13.8k,30.5k,69.5k,144k,247k,387k,557k,651k,881k,1.05M,1.26M,1.45M,1.66M,1.68M,1.62M,1.57M,1.65M,1.81M,2M,1.93M,1.9M,1.9M,1.9M,1.9M,1.92M,1.95M,1.93M,1.98M
Ethiopia,0,,,,,0,,,,,0,,,,,0,0,0,0,0,0,0,0,0,0,0,0,0,0,0,0,0,0,0,0,0,0,0,0,6740,17.8k,27.5k,50.4k,51.3k,156k,411k,867k,1.21M,1.95M,4.05M,6.85M,14.1M,20.5M,25.6M,30.5M,42.3M,51.2M,39.6M,,41.9M,44.5M,
Finland,0,,,,,0,,,,,0,,,,,0,0,0,0,0,23.5k,28.3k,33.9k,42.2k,52k,67.6k,85.3k,106k,138k,190k,258k,319k,386k,489k,676k,1.04M,1.5M,2.16M,2.85M,3.27M,3.73M,4.18M,4.52M,4.75M,4.99M,5.27M,5.67M,6.08M,6.83M,7.7M,8.39M,8.94M,9.32M,7.41M,7.6M,7.4M,7.22M,7.16M,7.15M,7.15M,7.12M,7.15M
Fiji,0,,,,,0,,,,,0,,,,,0,0,0,0,0,0,0,0,0,0,0,0,0,0,0,0,0,0,0,1100,2200,3700,5200,8000,23.4k,55.1k,80.9k,89.9k,110k,142k,205k,285k,530k,600k,640k,698k,727k,859k,930k,876k,966k,1.04M,1.03M,1.01M,1.03M,992k,
France,0,,,,,0,,,,,0,,,,,0,0,0,0,0,0,0,0,0,0,0,9060,39.2k,98.3k,178k,283k,375k,437k,572k,883k,1.3M,2.46M,5.82M,11.2M,21.4M,29.1M,37M,38.6M,41.7M,44.5M,48.1M,51.7M,55.4M,58M,57.9M,57.8M,59.8M,62.3M,63.3M,65.4M,66.7M,67.6M,69M,70.4M,72M,72.8M,
Faeroe Islands,0,,,,,0,,,,,0,,,,,0,0,0,0,0,0,0,0,0,0,0,0,0,0,0,0,1430,1720,1610,1960,2560,3270,4700,6520,10.8k,17k,24.5k,34.7k,38k,41.3k,42k,50k,52.2k,54.9k,57k,59.4k,58.5k,58.7k,57.8k,58.3k,53.2k,54.5k,56.6k,56.8k,55k,59.2k,
"Micronesia, Fed. Sts.",0,,,,,0,,,,,0,,,,,0,0,0,0,0,0,0,0,0,0,0,0,0,0,0,0,0,0,0,0,0,0,0,0,0,0,0,100,5870,12.8k,14.1k,18.6k,27.4k,27.5k,27.5k,27.5k,27.6k,31.2k,31.4k,,22.5k,23.4k,23.1k,,23k,22k,
Gabon,0,,,,,0,,,,,0,,,,,0,0,0,0,0,0,0,0,0,0,0,0,0,0,0,0,0,280,1200,2580,4000,6800,9500,9690,8890,120k,150k,279k,300k,489k,737k,898k,1.17M,1.3M,1.45M,1.61M,2.37M,2.56M,2.75M,2.93M,2.82M,2.96M,2.66M,2.93M,2.99M,3.05M,3.14M
UK,0,,,,,0,,,,,0,,,,,0,0,0,0,0,0,0,0,0,0,50k,130k,290k,560k,975k,1.11M,1.26M,1.51M,2.27M,3.94M,5.74M,7.25M,8.84M,14.9M,27.2M,43.5M,46.3M,49.2M,54.3M,59.7M,65.5M,70.1M,73.8M,74.9M,76.5M,76.7M,77.2M,78.3M,78.7M,78.5M,79.3M,78.9M,79.1M,78.9M,80.7M,79M,79.8M
Georgia,0,,,,,0,,,,,0,,,,,0,0,0,0,0,0,0,0,0,0,0,0,0,0,0,0,0,0,0,0,150,2300,30k,60k,133k,195k,301k,504k,711k,841k,1.17M,1.7M,2.6M,2.76M,2.84M,3.98M,4.43M,4.7M,4.99M,5.4M,5.55M,5.53M,5.5M,5.46M,5.38M,5.1M,5.16M
Ghana,0,,,,,0,,,,,0,,,,,0,0,0,0,0,0,0,0,0,0,0,0,0,0,0,0,0,400,1740,3340,6200,12.8k,21.9k,41.8k,70k,130k,244k,387k,796k,1.7M,2.87M,5.21M,7.6M,11.6M,15.1M,17.4M,21.2M,25.6M,28M,30.4M,35M,38.3M,36.8M,40.9M,40.9M,40.5M,40.5M
Gibraltar,0,,,,,0,,,,,0,,,,,0,0,0,0,0,0,0,0,0,0,0,0,0,0,0,0,0,0,0,0,660,1000,1620,2450,3650,5560,9800,12.2k,15.9k,18.4k,20k,22k,24k,26k,28.6k,30k,32.5k,34.8k,,38k,41.4k,41.1k,41k,41k,40.5k,35.4k,
Guinea,0,,,,,0,,,,,0,,,,,0,0,0,0,0,0,0,0,0,0,0,0,0,0,0,0,0,0,42,812,950,950,2870,21.6k,25.2k,42.1k,55.7k,90.8k,112k,155k,189k,,2M,2.75M,3.49M,4M,4.86M,5.58M,7.44M,8.68M,10.8M,11.1M,11.7M,12M,12.9M,13.8M,
Gambia,0,,,,,0,,,,,0,,,,,0,0,0,0,0,0,0,0,0,0,0,0,0,0,0,0,0,204,457,812,1440,3100,4730,5050,5310,5600,55.1k,100k,149k,175k,247k,404k,800k,1.17M,1.31M,1.48M,1.4M,1.53M,1.85M,2.28M,2.72M,2.84M,2.97M,3.18M,2.58M,2.68M,
Guinea-Bissau,0,,,,,0,,,,,0,,,,,0,0,0,0,0,0,0,0,0,0,0,0,0,0,0,0,0,0,0,0,0,0,0,0,0,0,0,0,1280,39.5k,98.8k,157k,296k,500k,560k,677k,733k,1.05M,940k,1.11M,1.24M,1.29M,1.43M,1.48M,1.59M,1.91M,2.24M
Equatorial Guinea,0,,,,,0,,,,,0,,,,,0,0,0,0,0,0,0,0,0,0,0,0,0,0,0,0,0,0,0,0,0,61,300,297,600,5000,15k,32k,41.5k,61.9k,96.9k,120k,150k,180k,200k,399k,479k,501k,511k,517k,533k,576k,566k,591k,617k,645k,
Greece,0,,,,,0,,,,,0,,,,,0,0,0,0,0,0,0,0,0,0,0,0,0,0,0,0,0,0,48k,153k,273k,532k,938k,2.05M,3.9M,5.93M,7.96M,9.31M,8.94M,9.32M,10.3M,11M,12.3M,13.8M,13.3M,12.3M,12.1M,13.4M,12.5M,12.1M,12.6M,12.5M,12.9M,12.2M,11.9M,11.4M,11.5M
Grenada,0,,,,,0,,,,,0,,,,,0,0,0,0,0,0,0,0,0,0,0,0,0,0,0,150,147,181,282,350,400,570,976,1410,2010,4300,6410,7550,42.3k,43.3k,46.9k,46.2k,51.4k,60k,114k,122k,121k,130k,133k,117k,120k,119k,113k,119k,116k,122k,
Greenland,0,,,,,0,,,,,0,,,,,0,0,0,0,0,0,0,0,0,0,0,0,0,0,0,0,0,171,438,964,2050,4120,6480,8900,13.5k,15.1k,15.9k,19.9k,29.7k,39k,46.5k,53.9k,66.4k,55.8k,53.5k,57.3k,58.7k,59.5k,60.4k,60.8k,61k,,62.3k,61.4k,61.7k,66k,66.6k
Guatemala,0,,,,,0,,,,,0,,,,,0,0,0,0,0,0,0,0,0,0,0,0,0,0,0,293,1220,2140,2990,10.5k,30k,43.4k,64.2k,111k,338k,857k,1.15M,1.58M,2.03M,3.17M,4.51M,7.18M,11.9M,14.9M,17.3M,18.1M,19.5M,20.8M,21.7M,16.9M,18.1M,18.3M,20M,20.5M,20.9M,20.4M,22.1M
Guam,0,,,,,0,,,,,0,,,,,0,0,0,0,0,0,0,0,0,0,0,0,0,0,0,0,867,1300,1910,4100,4970,5800,5670,12.8k,20k,27.2k,32.6k,70.5k,79.8k,98k,,,,,,,,,,,,,,,,,
Guyana,0,,,,,0,,,,,0,,,,,0,0,0,0,0,0,0,0,0,0,0,0,0,0,0,0,0,841,1030,1250,1240,1200,1400,1450,2820,39.8k,75.3k,79.4k,138k,172k,281k,400k,539k,448k,489k,560k,529k,547k,555k,567k,543k,585k,643k,,778k,856k,
"Hong Kong, China",0,,,,,0,,,,,0,,,,,0,0,0,0,0,0,0,0,0,1000,4400,10k,28.1k,51.3k,89.2k,134k,190k,233k,291k,485k,798k,1.36M,2.23M,3.17M,4.28M,5.45M,5.78M,6.4M,7.35M,8.21M,8.54M,9.44M,10.8M,11.6M,12.6M,13.8M,15.3M,16.4M,17M,17M,16.7M,17.6M,18.4M,19.9M,21.5M,21.9M,23.9M
Honduras,0,,,,,0,,,,,0,,,,,0,0,0,0,0,0,0,0,0,0,0,0,0,0,0,0,0,0,0,0,0,2310,14.4k,34.9k,78.6k,155k,238k,327k,379k,707k,1.28M,2.24M,4.18M,6.21M,8.39M,9.51M,8.06M,7.37M,7.77M,7.73M,8.05M,7.83M,8.23M,7.59M,7.56M,6.96M,7.56M
Croatia,0,,,,,0,,,,,0,,,,,0,0,0,0,0,0,0,0,0,0,0,0,0,0,0,240,2020,6320,11.4k,21.7k,33.7k,64.9k,120k,183k,295k,1.03M,1.75M,2.31M,2.54M,2.84M,3.65M,4.4M,5.03M,4.55M,4.68M,4.93M,5.12M,4.97M,4.72M,4.46M,4.42M,4.41M,4.32M,4.39M,4.4M,4.38M,4.4M
Haiti,0,,,,,0,,,,,0,,,,,0,0,0,0,0,0,0,0,0,0,0,0,0,0,0,0,0,0,0,0,0,0,0,10k,25k,55k,91.5k,140k,320k,400k,500k,1.2M,2.5M,3.2M,3.65M,4M,4.2M,6.09M,7.16M,6.77M,7.3M,6.5M,6.31M,6.6M,6.84M,7.32M,
Hungary,0,,,,,0,,,,,0,,,,,0,0,0,0,0,0,0,0,0,0,0,0,0,0,0,2650,8480,23.3k,45.7k,143k,265k,473k,706k,1.07M,1.63M,3.08M,4.97M,6.89M,7.94M,8.73M,9.32M,9.97M,11M,12.2M,11.8M,12M,11.7M,11.6M,11.6M,11.7M,9.9M,9.95M,9.95M,10M,10.3M,10.3M,10.2M
Indonesia,0,,,,,0,,,,,0,,,,,0,0,0,0,0,0,0,0,0,1750,2030,4530,6320,9010,12.9k,18.1k,24.5k,35.5k,53.4k,78k,211k,563k,916k,1.07M,2.22M,3.67M,6.52M,11.7M,18.5M,30.3M,46.9M,63.8M,93.4M,141M,164M,211M,250M,282M,313M,326M,339M,386M,435M,319M,341M,356M,366M
India,0,,,,,0,,,,,0,,,,,0,0,0,0,0,0,0,0,0,0,0,0,0,0,0,0,0,0,0,0,76.7k,328k,882k,1.2M,1.88M,3.58M,6.54M,13M,33.7M,52.2M,90.1M,166M,234M,347M,525M,752M,894M,865M,886M,944M,1B,1.13B,1.17B,1.18B,1.15B,1.15B,1.15B
Ireland,0,,,,,0,,,,,0,,,,,0,0,0,0,0,0,0,0,0,0,300,1500,3480,6300,13.6k,25k,32k,44k,61.1k,88k,158k,289k,545k,946k,1.68M,2.46M,2.97M,3M,3.5M,3.86M,4.27M,4.69M,4.97M,5.05M,4.7M,4.7M,4.91M,5.01M,4.88M,4.91M,4.9M,4.88M,4.9M,4.97M,5.16M,5.23M,5.37M
Iran,0,,,,,0,,,,,0,,,,,0,0,0,0,0,0,0,0,0,0,0,0,0,0,0,0,0,0,0,9200,15.9k,60k,239k,390k,490k,963k,2.09M,2.28M,3.45M,5.08M,8.51M,15.4M,29.8M,43M,52.6M,54.1M,56M,58.2M,65.2M,68.9M,74.2M,80.5M,87M,88.7M,118M,128M,136M
Iraq,0,,,,,0,,,,,0,,,,,0,0,0,0,0,0,0,0,0,0,0,0,0,0,0,0,0,0,0,0,0,0,0,0,0,0,0,20k,80k,574k,1.53M,9.35M,14M,17.5M,20.1M,23.3M,25.5M,26.8M,32.5M,33M,33.6M,33.4M,33.4M,36.5M,37.2M,37.5M,37.6M
Iceland,0,,,,,0,,,,,0,,,,,0,0,0,0,0,0,0,0,0,0,0,2640,5010,6520,7890,10k,12.9k,15.3k,17.4k,21.8k,30.9k,46.8k,65.4k,104k,173k,215k,248k,260k,280k,290k,283k,302k,326k,337k,340k,341k,344k,352k,356k,370k,384k,402k,401k,411k,413k,421k,437k
Israel,,,,,,,,,,,,,,,,,,,,,,,,,,,,,,,15.2k,23k,36.1k,64.5k,133k,445k,1.05M,1.67M,2.15M,2.88M,4.4M,5.5M,6.3M,6.62M,7.22M,7.76M,8.4M,8.9M,8.98M,9.02M,9.11M,9.2M,9.22M,9.5M,9.5M,10.6M,10.6M,10.5M,10.7M,11.7M,12.3M,12.5M
Italy,0,,,,,0,,,,,0,,,,,0,0,0,0,0,0,0,0,0,0,6420,9040,16.5k,33.6k,66.1k,266k,568k,783k,1.21M,2.24M,3.92M,6.42M,11.7M,20.5M,30.3M,42.2M,51.2M,54.2M,56.8M,62.8M,71.5M,80.4M,89.8M,90.3M,90M,93.7M,96M,97.2M,96.9M,89.9M,87.7M,86M,83.9M,83.3M,79.5M,77.6M,78.1M
Jamaica,0,,,,,0,,,,,0,,,,,0,0,0,0,0,0,0,0,0,0,0,0,0,0,0,0,2450,7630,15.2k,26.1k,45.1k,54.6k,66k,78.6k,144k,367k,598k,1.24M,1.58M,1.84M,1.98M,2.27M,2.68M,2.72M,2.96M,3.18M,2.95M,2.71M,2.85M,3.01M,3.14M,3.27M,3.09M,2.96M,3.02M,2.87M,2.91M
Jordan,0,,,,,0,,,,,0,,,,,0,0,0,0,0,0,0,0,0,0,0,0,0,0,0,1440,1460,1460,1460,1450,11.8k,24.1k,45k,82.4k,118k,389k,866k,1.22M,1.33M,1.62M,3.14M,4.34M,4.77M,5.31M,6.01M,6.62M,7.48M,8.98M,10.3M,11.1M,13.8M,9.82M,9.7M,8.73M,7.78M,6.99M,7.28M
Japan,0,,,,,0,,,,,0,,,,,0,0,0,0,0,0,13.3k,19.8k,27.2k,40.4k,61.8k,95.1k,151k,243k,490k,868k,1.38M,1.71M,2.13M,4.33M,11.7M,26.9M,38.3M,47.3M,56.8M,66.8M,74.8M,81.1M,86.7M,91.5M,96.5M,99.8M,107M,110M,116M,123M,133M,141M,148M,158M,161M,167M,173M,180M,187M,195M,200M
Kazakhstan,0,,,,,0,,,,,0,,,,,0,0,0,0,0,0,0,0,0,0,0,0,0,0,0,0,0,0,0,400,4600,9800,11.2k,29.7k,49.5k,197k,582k,1.03M,1.33M,2.45M,5.4M,7.78M,12.3M,14.9M,17.1M,19.4M,25.2M,30.2M,30.4M,28.6M,26.3M,25.5M,26.7M,26.1M,25.7M,24.3M,24.3M
Kenya,0,,,,,0,,,,,0,,,,,0,0,0,0,0,0,0,0,0,0,0,0,0,0,0,0,0,1100,1160,1990,2280,2830,6770,10.8k,23.8k,127k,600k,1.19M,1.59M,2.55M,4.61M,7.34M,11.3M,16.3M,19.4M,25M,28.1M,30.7M,31.8M,33.6M,37.7M,39M,42.8M,49.5M,54.6M,61.4M,65.1M
Kyrgyz Republic,0,,,,,0,,,,,0,,,,,0,0,0,0,0,0,0,0,0,0,0,0,0,0,0,0,0,0,0,0,0,0,0,1350,2570,9000,27k,53.1k,138k,263k,542k,1.26M,2.17M,3.39M,4.49M,5.28M,6.28M,6.8M,6.74M,7.56M,7.58M,7.61M,8.47M,8.74M,8.62M,8.51M,
Cambodia,0,,,,,0,,,,,0,,,,,0,0,0,0,0,0,0,0,0,0,0,0,0,0,0,0,0,0,4810,10.2k,14.1k,23.1k,33.6k,61.3k,89.1k,131k,223k,380k,498k,862k,1.06M,1.72M,2.58M,4.24M,6.27M,8.15M,13.8M,19.1M,20.3M,20.5M,20.9M,19.9M,18.6M,19.4M,21.4M,21.1M,19.9M
Kiribati,0,,,,,0,,,,,0,,,,,0,0,0,0,0,0,0,0,0,0,0,0,0,0,0,0,0,0,0,0,0,0,0,22,200,300,395,495,526,615,650,700,750,1000,9910,10.6k,13.8k,18k,20k,30k,41k,52k,46.1k,53.3k,54.7k,54.7k,54.5k
St. Kitts and Nevis,0,,,,,0,,,,,0,,,,,0,0,0,0,0,0,0,0,0,0,0,0,0,0,0,0,,,,,,300,205,440,700,1200,2100,5000,22k,29k,51k,51k,64.5k,74.5k,75.5k,80k,77k,76k,77k,65k,73k,76.6k,76.9k,71.6k,65.2k,78k,
South Korea,0,,,,,0,,,,,0,,,,,0,0,0,0,0,0,0,0,0,,,7090,10.3k,20.4k,39.7k,80k,166k,272k,472k,960k,1.64M,3.18M,6.88M,14M,23.4M,26.8M,29M,32.3M,33.6M,36.6M,38.3M,40.2M,44.4M,45.6M,47.9M,50.8M,52.5M,53.6M,54.7M,57.3M,58.9M,61.3M,63.7M,66.4M,68.9M,70.5M,72.9M
Kosovo,,,,,,,,,,,,,,,,,,,,,,,,,,,,,,,,,,,,,,,,,,,,,,562k,562k,562k,562k,562k,562k,,,,,,,,,,,
Kuwait,0,,,,,0,,,,,0,,,,,0,0,0,0,0,0,0,0,0,0,0,8200,14.3k,17.5k,22.5k,20.7k,43k,51k,64.3k,85.2k,118k,151k,210k,250k,300k,476k,878k,1.23M,1.42M,1.77M,1.38M,1.18M,1.43M,1.5M,2.62M,3.98M,4.93M,5.1M,6.41M,7.6M,7.66M,7.66M,7.14M,7.1M,7.33M,6.77M,6.92M
Lao,0,,,,,0,,,,,0,,,,,0,0,0,0,0,0,0,0,0,0,0,0,0,0,0,0,0,290,340,625,1540,3790,4920,6450,12.1k,12.7k,29.5k,55.2k,112k,204k,658k,1.01M,1.48M,2.02M,3.23M,4M,5.48M,4.3M,4.61M,4.62M,3.73M,3.96M,3.71M,3.66M,4.64M,4.64M,4.82M
Lebanon,0,,,,,0,,,,,0,,,,,0,0,0,0,0,0,0,0,0,0,0,0,0,0,0,0,0,0,0,0,120k,198k,374k,505k,627k,743k,767k,775k,795k,884k,994k,1.11M,1.26M,1.43M,2.39M,2.86M,3.46M,3.76M,3.88M,4.39M,4.66M,4.28M,4.4M,4.42M,4.24M,4.29M,
Liberia,0,,,,,0,,,,,0,,,,,0,0,0,0,0,0,0,0,0,0,0,0,0,0,0,0,0,0,0,0,0,0,0,0,0,1500,2000,5000,47.3k,94.4k,160k,280k,563k,855k,1.09M,1.57M,2.02M,2.38M,2.55M,3.23M,3.65M,3.12M,2.66M,,1.94M,1.65M,
Libya,0,,,,,0,,,,,0,,,,,0,0,0,0,0,0,0,0,0,0,0,0,0,0,0,0,0,0,0,0,0,0,10k,20k,30k,40k,50k,70k,127k,500k,2M,3.93M,4.5M,7.38M,9.53M,10.9M,10M,9.59M,10.2M,8.5M,9.75M,7.66M,6.02M,,3.72M,2.92M,
St. Lucia,0,,,,,0,,,,,0,,,,,0,0,0,0,0,0,0,0,0,0,0,0,0,0,0,0,,,,524,1000,1400,1600,1900,2300,2500,2700,14.3k,99k,101k,106k,106k,147k,175k,190k,198k,217k,216k,212k,188k,188k,177k,177k,185k,148k,203k,
Liechtenstein,,,,,,,,,,,,,,,,,,,,,,,,,,,,,,,0,,,,,,,,7500,9000,10k,11k,11.4k,25k,25.5k,27.5k,28.8k,32k,34k,35k,35.5k,37k,36.1k,38.4k,40.7k,41k,44.3k,46.4k,47.3k,47.7k,48.9k,49.3k
Sri Lanka,0,,,,,0,,,,,0,,,,,0,0,0,0,0,0,0,0,0,0,0,0,0,0,0,1010,1800,2640,14.7k,29.2k,51.3k,71k,115k,174k,257k,430k,668k,931k,1.39M,2.21M,3.36M,5.41M,7.98M,11.1M,16.3M,17.4M,18.3M,19.3M,20.3M,22.1M,23.9M,25.8M,28.2M,30.3M,28.4M,29.7M,30.8M
Lesotho,0,,,,,0,,,,,0,,,,,0,0,0,0,0,0,0,0,0,0,0,0,0,0,0,0,0,0,0,0,0,1260,3500,9830,12k,21.6k,57k,138k,126k,196k,250k,358k,482k,593k,661k,987k,1.23M,1.54M,1.79M,2.14M,2.14M,2.28M,2.38M,1.58M,1.68M,1.56M,1.82M
Lithuania,0,,,,,0,,,,,0,,,,,0,0,0,0,0,0,0,0,0,0,0,0,0,0,0,0,0,267,1240,4510,14.8k,51k,165k,268k,332k,524k,1.02M,1.65M,2.1M,3.05M,4.35M,4.72M,4.91M,5.02M,4.96M,4.89M,4.94M,5M,4.57M,4.27M,4.18M,4.2M,4.36M,3.76M,3.7M,3.67M,3.73M
Luxembourg,0,,,,,0,,,,,0,,,,,0,0,0,0,0,0,0,0,0,0,40,292,375,542,665,824,1140,1120,5080,12.9k,26.8k,45k,67.2k,131k,209k,303k,409k,473k,539k,470k,510k,713k,685k,707k,720k,727k,765k,761k,788k,802k,807k,764k,794k,799k,836k,890k,
Latvia,0,,,,,0,,,,,0,,,,,0,0,0,0,0,0,0,0,0,0,0,0,0,0,0,0,0,1030,3800,8360,15k,28.5k,77.1k,167k,274k,401k,657k,917k,1.22M,1.54M,1.87M,2.18M,2.22M,2.3M,2.3M,2.31M,2.31M,2.63M,2.56M,2.38M,2.59M,2.65M,2.46M,2.07M,2.07M,2.05M,2.16M
"Macao, China",0,,,,,0,,,,,0,,,,,0,0,0,0,0,0,0,0,0,0,0,0,0,0,1360,2230,4850,10.5k,15.1k,21.4k,35.9k,44.8k,52.8k,82.1k,118k,141k,194k,276k,364k,432k,533k,636k,794k,933k,1.04M,1.12M,1.35M,1.61M,1.72M,1.86M,1.9M,1.97M,2.05M,2.18M,2.79M,2.79M,
Morocco,0,,,,,0,,,,,0,,,,,0,0,0,0,0,0,0,0,0,0,0,0,60,105,700,904,1500,3220,6730,13.8k,29.5k,42.9k,74.5k,117k,369k,2.34M,4.77M,6.2M,7.36M,9.34M,12.4M,16M,20M,22.8M,25.3M,32M,36.6M,39M,42.4M,44.1M,43.1M,41.5M,43.9M,44.7M,46.7M,49.4M,52M
Monaco,0,,,,,0,,,,,0,,,,,0,0,0,0,0,0,0,0,0,0,0,0,0,0,0,0,0,0,1150,2560,3010,5400,7200,11.5k,13.1k,13.9k,14.3k,14.9k,15.1k,15.8k,17.2k,18.3k,20.4k,22k,23k,23.4k,31.8k,33.2k,35.5k,33.7k,34k,33.3k,33k,32.7k,33.8k,35.5k,36.3k
Moldova,0,,,,,0,,,,,0,,,,,0,0,0,0,0,0,0,0,0,0,0,0,0,0,0,0,0,0,0,0,14,920,2200,7000,18k,139k,225k,338k,476k,787k,1.09M,1.36M,1.88M,2.42M,2.14M,2.55M,3.22M,3.58M,3.7M,3.74M,3.71M,3.79M,3.75M,3.64M,3.61M,3.42M,3.9M
Madagascar,0,,,,,0,,,,,0,,,,,0,0,0,0,0,0,0,0,0,0,0,0,0,0,0,0,0,0,0,300,1300,2300,4100,12.8k,35.8k,63.1k,148k,163k,284k,334k,510k,1.05M,2.22M,4.84M,6.28M,7.71M,8.68M,8.78M,8.46M,9.71M,10.7M,8M,8.73M,10.7M,13M,15.9M,16.3M
Maldives,0,,,,,0,,,,,0,,,,,0,0,0,0,0,0,0,0,0,0,0,0,0,0,0,0,0,0,0,0,0,20,1290,1610,2930,7640,18.9k,41.9k,66.5k,113k,204k,271k,314k,436k,458k,494k,530k,561k,625k,666k,740k,812k,900k,858k,828k,718k,706k
Mexico,0,,,,,0,,,,,0,,,,,0,0,0,0,0,0,0,0,0,0,0,0,0,1500,8500,63.9k,161k,313k,386k,569k,689k,1.02M,1.74M,3.35M,7.73M,14.1M,21.8M,25.9M,30.1M,38.5M,47.1M,55.4M,66.6M,75.3M,83.2M,91.4M,94.6M,101M,107M,105M,108M,112M,114M,120M,122M,123M,124M
Marshall Islands,0,,,,,0,,,,,0,,,,,0,0,0,0,0,0,0,0,0,0,0,0,0,0,0,0,0,0,0,280,264,365,466,345,443,447,489,552,598,644,660,,,,,,,,,15.5k,15.5k,,16k,,16k,16k,
North Macedonia,0,,,,,0,,,,,0,,,,,0,0,0,0,0,0,0,0,0,0,0,0,0,0,0,0,0,0,0,0,0,1060,12.4k,30.1k,48.7k,116k,223k,365k,776k,986k,1.13M,1.26M,1.79M,1.97M,1.94M,2.15M,2.21M,2.24M,2.24M,2.22M,2.08M,2.05M,2.01M,1.97M,1.92M,1.86M,1.94M
Mali,0,,,,,0,,,,,0,,,,,0,0,0,0,0,0,0,0,0,0,0,0,0,0,0,0,0,0,0,0,0,1190,2840,4470,6390,10.4k,24k,46k,247k,407k,762k,1.51M,2.53M,3.44M,4.46M,7.44M,10.8M,14.6M,19.7M,23.5M,22.7M,20.2M,22M,22M,22.9M,25.3M,21.9M
Malta,0,,,,,0,,,,,0,,,,,0,0,0,0,0,0,0,0,0,0,0,0,0,0,0,0,2280,3500,5300,7500,10.8k,12.5k,17.7k,22.5k,37.5k,114k,239k,277k,290k,306k,324k,347k,369k,386k,422k,456k,522k,532k,557k,546k,524k,585k,605k,616k,634k,633k,645k
Myanmar,0,,,,,0,,,,,0,,,,,0,0,0,0,0,0,0,0,0,0,0,0,0,0,0,0,0,0,643,1920,2770,7260,8490,8520,11.4k,13.4k,22.7k,48k,66.5k,92.5k,129k,214k,248k,367k,502k,594k,1.24M,3.73M,6.83M,29M,41M,50.6M,47.9M,61.1M,81.9M,78.5M,67.9M
Montenegro,,,,,,,,,,,,,,,,,,,,,,,,,,,,,,,,,,,,,,,,,,,,,484k,543k,644k,900k,1.16M,1.29M,1.17M,1.16M,991k,994k,1.01M,1.01M,1.04M,1.04M,1.13M,1.15M,1.08M,1.12M
Mongolia,0,,,,,0,,,,,0,,,,,0,0,0,0,0,0,0,0,0,0,0,0,0,0,0,0,0,0,0,0,0,900,2000,9030,34.6k,155k,195k,216k,319k,429k,557k,775k,1.19M,1.76M,2.25M,2.51M,2.94M,3.38M,2.88M,3.03M,3.07M,3.37M,3.89M,4.22M,4.42M,4.36M,4.69M
Northern Mariana Islands,0,,,,,0,,,,,0,,,,,0,0,0,0,0,0,0,0,0,0,0,0,0,0,0,0,,,732,765,1200,,,,2910,3000,13.2k,17.1k,18.6k,20.5k,,,,,,,,,,,,,,,,,
Mozambique,0,,,,,0,,,,,0,,,,,0,0,0,0,0,0,0,0,0,0,0,0,0,0,0,0,0,0,0,0,0,0,2500,6730,12.2k,51.1k,153k,255k,436k,708k,1.5M,2.34M,3.08M,4.41M,5.97M,7.22M,7.86M,8.8M,12.4M,18.5M,20.1M,15M,11.9M,14.1M,14.8M,15.5M,13.7M
Mauritania,0,,,,,0,,,,,0,,,,,0,0,0,0,0,0,0,0,0,0,0,0,0,0,0,0,0,0,0,0,0,0,0,0,0,15.3k,110k,247k,351k,522k,746k,1.06M,1.41M,2.09M,2.18M,2.78M,3.31M,4.03M,3.99M,3.75M,3.64M,3.61M,4.07M,4.57M,4.71M,4.93M,6.51M
Mauritius,0,,,,,0,,,,,0,,,,,0,0,0,0,0,0,0,0,0,0,0,0,0,0,0,2200,2500,2910,4040,5710,11.7k,20.8k,42.5k,60.4k,102k,180k,272k,348k,462k,548k,657k,772k,929k,1.03M,1.09M,1.19M,1.29M,1.49M,1.53M,1.65M,1.76M,1.81M,1.84M,1.92M,1.87M,1.91M,1.97M
Malawi,0,,,,,0,,,,,0,,,,,0,0,0,0,0,0,0,0,0,0,0,0,0,0,0,0,0,0,0,0,382,3700,7000,10.5k,22.5k,49k,55.7k,86k,135k,222k,421k,620k,1.05M,1.51M,2.49M,3.12M,3.95M,4.65M,5.29M,5.63M,6.57M,7.18M,7.77M,7.08M,8.9M,10M,11.9M
Malaysia,0,,,,,0,,,,,0,,,,,0,0,0,0,0,0,0,0,0,0,0,10.8k,17.4k,27.3k,39.4k,86.6k,130k,201k,340k,572k,1.01M,1.52M,2M,2.2M,2.99M,5.12M,7.38M,9.05M,11.1M,14.6M,19.5M,19.5M,23.3M,27.7M,30.1M,33.9M,36.7M,41.3M,43M,44.9M,44.1M,43.5M,42.3M,42.4M,44.6M,43.7M,47.2M
Namibia,0,,,,,0,,,,,0,,,,,0,0,0,0,0,0,0,0,0,0,0,0,0,0,0,0,0,0,0,0,3500,6640,12.5k,19.5k,30k,82k,107k,150k,224k,286k,449k,609k,800k,1.05M,1.63M,1.95M,2.19M,2.15M,2.73M,2.67M,2.55M,2.66M,2.68M,2.76M,2.82M,2.9M,2.92M
New Caledonia,0,,,,,0,,,,,0,,,,,0,0,0,0,0,0,0,0,0,0,0,0,0,0,0,0,0,0,0,0,825,2060,5200,13k,25.4k,49.9k,67.9k,80k,97.1k,116k,134k,155k,176k,196k,210k,221k,227k,231k,241k,243k,260k,,,,260k,260k,
Niger,0,,,,,0,,,,,0,,,,,0,0,0,0,0,0,0,0,0,0,0,0,0,0,0,0,0,0,0,0,0,0,98,1350,2190,2060,2130,57.5k,82.4k,172k,324k,483k,900k,1.9M,2.6M,3.67M,4.74M,5.4M,7.01M,8.24M,8.96M,7.47M,8.78M,,12.1M,14.2M,
Nigeria,0,,,,,0,,,,,0,,,,,0,0,0,0,0,0,0,0,0,0,0,0,0,0,0,0,0,0,9050,12.8k,13k,14k,15k,20k,25k,30k,266k,1.57M,3.15M,9.15M,18.6M,32.3M,40.4M,63M,74.5M,87.3M,95.2M,113M,127M,139M,151M,154M,145M,173M,185M,204M,195M
Nicaragua,0,,,,,0,,,,,0,,,,,0,0,0,0,0,0,0,0,0,0,0,0,0,0,0,0,0,0,324,2180,4400,5100,7560,18.3k,44.2k,90.3k,165k,237k,467k,739k,1.12M,1.83M,2.5M,3.11M,3.34M,3.96M,4.82M,5.85M,6.81M,7.07M,7.26M,7.75M,8.18M,7.44M,5.79M,5.96M,6.23M
Netherlands,0,,,,,0,,,,,0,,,,,0,0,0,0,0,0,0,0,0,0,4800,15.3k,24.2k,33k,56k,79k,115k,166k,216k,321k,539k,1.02M,1.72M,3.35M,6.75M,10.8M,12.2M,12.1M,13.2M,14.8M,15.8M,17.3M,19.3M,20.6M,20.1M,19.2M,19.8M,19.7M,19.5M,19.6M,20.8M,20.9M,20.5M,21.1M,21.8M,21.4M,21.9M
Curaçao,,,,,,,,,,,,,,,,,,,,,,,,,,,,,,,,,,,,,,,,,,,,,,,,,,201k,204k,206k,205k,204k,193k,190k,187k,187k,186k,184k,182k,
Norway,0,,,,,0,,,,,0,,,,,0,0,0,0,0,0,1670,11.1k,23.5k,39k,63.1k,87.1k,120k,152k,168k,197k,234k,283k,371k,588k,981k,1.26M,1.68M,2.07M,2.66M,3.22M,3.59M,3.79M,4.06M,4.52M,4.75M,4.87M,5.04M,5.21M,5.35M,5.6M,5.73M,5.8M,5.69M,5.74M,5.71M,5.73M,5.72M,5.72M,5.78M,5.83M,
Nepal,0,,,,,0,,,,,0,,,,,0,0,0,0,0,0,0,0,0,0,0,0,0,0,0,0,0,0,0,0,0,0,0,0,5500,10.2k,17.3k,21.9k,81.9k,117k,227k,1.16M,3.27M,4.2M,5.6M,9.2M,13.4M,16.6M,21.4M,23M,27.5M,32.1M,36.1M,39.2M,38.7M,38.2M,
Nauru,0,,,,,0,,,,,0,,,,,0,0,0,0,0,0,0,0,0,0,0,0,0,0,0,0,0,0,150,450,500,600,750,850,1000,1200,1500,,,,,,,,,6200,6700,6800,,,9400,9900,10k,,10k,10k,
New Zealand,0,,,,,0,,,,,0,,,,,0,0,0,0,0,0,0,0,0,0,0,0,2400,10k,28.9k,54.1k,72.3k,100k,144k,239k,365k,493k,566k,790k,1.4M,1.54M,2.29M,2.45M,2.6M,3.03M,3.53M,3.8M,4.25M,4.62M,4.7M,4.71M,4.82M,4.92M,4.77M,5.1M,5.6M,6.1M,6.4M,6.32M,6.01M,6.24M,5.85M
Oman,0,,,,,0,,,,,0,,,,,0,0,0,0,0,0,0,0,0,0,52,747,1160,1710,2100,2730,3670,4720,5620,6750,8050,15k,53k,98k,121k,162k,323k,463k,594k,806k,1.33M,1.82M,2.5M,3.22M,3.97M,4.61M,4.81M,5.28M,5.62M,6.19M,6.65M,6.87M,6.94M,6.44M,6.38M,6.28M,6.12M
Pakistan,0,,,,,0,,,,,0,,,,,0,0,0,0,0,0,0,0,0,0,0,0,0,0,0,2000,8500,13.5k,16k,24.7k,41k,68k,135k,196k,266k,306k,743k,1.7M,2.4M,5.02M,12.8M,34.5M,62.9M,88M,94.3M,99.2M,109M,120M,128M,136M,126M,136M,145M,154M,165M,176M,189M
Panama,0,,,,,0,,,,,0,,,,,0,0,0,0,0,0,0,0,0,0,0,0,0,0,0,0,0,0,0,0,0,7000,23.5k,85.9k,233k,410k,475k,526k,692k,1.26M,1.75M,2.17M,3.01M,3.92M,6.07M,6.65M,6.74M,6.21M,6.2M,6.91M,5.74M,5.14M,5.28M,5.72M,5.83M,6.11M,6M
Peru,0,,,,,0,,,,,0,,,,,0,0,0,0,0,0,0,0,0,0,0,0,0,0,0,1650,5700,21.6k,36.3k,52.2k,73.5k,201k,422k,743k,1.01M,1.27M,1.79M,2.31M,2.93M,4.09M,5.58M,9.12M,15.4M,21M,24.7M,29.1M,32.5M,29.4M,29.8M,31.9M,34.2M,36.9M,38.9M,42.2M,39.8M,39.4M,43.1M
Philippines,0,,,,,0,,,,,0,,,,,0,0,0,0,0,0,0,0,0,0,0,0,0,0,0,0,34.6k,56k,102k,172k,494k,959k,1.34M,1.73M,2.85M,6.45M,12.2M,15.4M,22.5M,32.9M,34.8M,42.9M,57.3M,68.1M,75.6M,83.2M,94.2M,102M,103M,111M,118M,120M,120M,135M,167M,150M,163M
Palau,,,,,,,,,,,,,,,,,,,,,,,,,,,,,,,,,,,,,,,,,,,2460,3920,3920,6050,8350,10.7k,11.7k,12.7k,14.5k,15.4k,17.2k,17.9k,19.1k,23.7k,,,,24k,24k,
Papua New Guinea,0,,,,,0,,,,,0,,,,,0,0,0,0,0,0,0,0,0,0,0,0,0,0,0,0,0,0,0,0,0,2290,3860,5560,7060,8560,10.7k,15k,17.5k,48.3k,75k,100k,300k,874k,1.42M,1.91M,2.4M,2.71M,3M,3.36M,3.56M,3.78M,4.02M,4.3M,4.54M,4.82M,
Poland,0,,,,,0,,,,,0,,,,,0,0,0,0,0,0,0,0,0,0,0,0,0,0,0,0,0,2200,15.7k,38.9k,75k,217k,812k,1.93M,3.96M,6.75M,10M,13.9M,17.4M,23.1M,29.2M,36.7M,41.4M,43.9M,44.8M,47M,50.2M,54.1M,57M,56.9M,54.5M,53M,50.5M,48.3M,48.4M,49.4M,50.6M
Puerto Rico,0,,,,,0,,,,,0,,,,,0,0,0,0,0,0,0,0,0,0,0,,3920,8700,11.6k,20.4k,33.4k,60k,95k,175k,287k,329k,367k,580k,814k,1.32M,1.63M,1.65M,1.71M,1.85M,1.99M,2.2M,2.43M,2.54M,2.71M,2.93M,3.11M,3.05M,3.09M,3.21M,3.2M,3.25M,3.39M,3.33M,3.37M,3.49M,3.66M
North Korea,0,,,,,0,,,,,0,,,,,0,0,0,0,0,0,0,0,0,0,0,0,0,0,0,0,0,0,0,0,0,0,0,0,0,0,0,0,0,0,0,0,0,0,69.3k,432k,1M,1.7M,2.42M,2.8M,3.24M,3.61M,3.81M,,4.25M,6M,
Portugal,0,,,,,0,,,,,0,,,,,0,0,0,0,0,0,0,0,0,0,0,0,0,0,2780,6500,12.6k,37.3k,101k,174k,341k,664k,1.51M,3.07M,4.67M,6.66M,7.98M,8.67M,10M,10.6M,11.4M,12.2M,13.5M,14M,11.8M,12.2M,12.3M,11.9M,12M,11.9M,11.7M,11.6M,11.8M,11.9M,11.9M,11.9M,12.5M
Paraguay,0,,,,,0,,,,,0,,,,,0,0,0,0,0,0,0,0,0,0,0,0,0,0,0,0,0,1500,3390,7660,15.8k,32.9k,84.2k,232k,436k,821k,1.15M,1.67M,1.77M,1.75M,1.89M,3.23M,4.69M,5.79M,5.62M,5.92M,6.53M,6.79M,7.05M,7.31M,7.41M,7.49M,7.47M,7.44M,7.76M,7.87M,7.98M
Palestine,,,,,,,,,,,,,,,,,,,,,,,,,,,,,,,0,0,0,0,0,,,,,,7080,176k,252k,264k,437k,568k,822k,1.02M,1.31M,1.8M,2.6M,2.88M,3.13M,3.19M,3.2M,3.53M,3.71M,4M,4.38M,4.3M,4.06M,4.05M
French Polynesia,0,,,,,0,,,,,0,,,,,0,0,0,0,0,0,0,0,0,0,0,0,0,0,0,0,0,0,0,0,1150,2720,5430,11.1k,21.9k,39.9k,67.3k,52.3k,60.1k,96k,120k,152k,175k,187k,208k,216k,223k,228k,243k,255k,268k,280k,288k,303k,318k,335k,323k
Qatar,0,,,,,0,,,,,0,,,,,0,0,0,0,0,0,0,0,0,0,0,0,,,,3810,4060,4230,4290,11.5k,18.5k,28.8k,43.5k,65.8k,84.4k,121k,178k,267k,377k,490k,717k,920k,1.26M,1.43M,1.95M,2.19M,2.3M,2.6M,3.31M,3.31M,3.74M,3.65M,3.99M,3.95M,3.92M,3.8M,3.88M
Romania,0,,,,,0,,,,,0,,,,,0,0,0,0,0,0,0,0,0,0,0,0,0,0,0,0,0,0,800,2780,9070,17k,201k,643k,1.36M,2.5M,3.85M,5.11M,7.04M,10.2M,13.4M,16M,20.4M,24.5M,25.1M,24.4M,23.4M,22.8M,22.9M,22.9M,23.1M,22.9M,22.4M,22.6M,22.7M,22.6M,22.9M
Russia,0,,,,,0,,,,,0,,,,,0,0,0,0,0,0,0,0,0,0,0,0,0,0,0,0,300,6000,10k,27.7k,88.5k,223k,485k,747k,1.37M,3.26M,7.75M,17.6M,36.1M,73.7M,120M,151M,171M,200M,230M,238M,204M,208M,218M,221M,227M,229M,227M,229M,240M,239M,247M
Rwanda,0,,,,,0,,,,,0,,,,,0,0,0,0,0,0,0,0,0,0,0,0,0,0,0,0,0,0,0,0,0,0,0,5000,11k,39k,65k,82.4k,131k,137k,223k,314k,635k,1.32M,2.43M,3.55M,4.45M,5.69M,6.69M,7.75M,8.76M,8.92M,8.82M,9.7M,9.66M,10.6M,10.9M
Saudi Arabia,,,,,,,,,,,,,,,,,,,,,,,,,,,,,,,14.9k,15.3k,15.8k,15.9k,16k,16k,191k,332k,627k,837k,1.38M,2.53M,5.01M,7.24M,9.18M,14.2M,19.7M,28.4M,36M,44.9M,51.6M,54M,53M,53.1M,52.7M,52.8M,47.9M,40.2M,41.3M,41.3M,43.2M,45.4M
Sudan,0,,,,,0,,,,,0,,,,,0,0,0,0,0,0,0,0,0,0,0,0,0,0,0,0,0,0,0,0,0,2200,3800,8600,13k,23k,104k,191k,527k,1.05M,1.83M,4.68M,8.22M,12M,15.3M,18.1M,25.1M,27.7M,27.7M,27.8M,27.9M,27.8M,28.6M,30.1M,33M,35.2M,16.7M
Senegal,0,,,,,0,,,,,0,,,,,0,0,0,0,0,0,0,0,0,0,0,0,0,0,0,0,0,0,0,98,122,1410,6940,27.5k,87.9k,250k,302k,553k,782k,1.12M,1.73M,2.98M,3.63M,5.39M,6.9M,8.34M,9.35M,11.5M,13.1M,14.4M,15M,15.2M,15.8M,16.6M,17.9M,19.1M,19.9M
Singapore,0,,,,,0,,,,,0,,,,,0,0,0,0,0,0,0,0,0,,,,,10.8k,26.3k,51.7k,81.9k,120k,179k,236k,306k,431k,849k,1.09M,1.63M,2.75M,2.99M,3.31M,3.58M,3.99M,4.38M,4.79M,5.92M,6.41M,6.88M,7.38M,7.79M,8.07M,8.44M,8.1M,8.23M,8.46M,8.38M,8.57M,9.03M,8.44M,8.66M
Solomon Islands,0,,,,,0,,,,,0,,,,,0,0,0,0,0,0,0,0,0,0,0,0,0,0,0,0,0,0,0,144,230,337,658,702,1090,1150,967,999,1060,3000,6000,7000,10.9k,30k,50k,116k,275k,302k,323k,377k,425k,417k,465k,482k,478k,474k,
Sierra Leone,0,,,,,0,,,,,0,,,,,0,0,0,0,0,0,0,0,0,0,0,0,0,0,0,0,0,0,0,0,0,0,0,0,0,11.9k,26.9k,67k,113k,,,,776k,1.01M,1.16M,2M,2.14M,2.21M,4M,4.76M,5.66M,6.28M,6.63M,6.36M,6.73M,6.88M,8.23M
El Salvador,0,,,,,0,,,,,0,,,,,0,0,0,0,0,0,0,0,0,0,0,0,0,0,0,0,0,0,1630,4870,13.5k,23.3k,40.2k,137k,511k,744k,858k,889k,1.15M,1.83M,2.41M,3.85M,6.14M,6.95M,7.57M,7.7M,8.32M,8.65M,8.99M,9.19M,9.33M,9.64M,9.48M,9.43M,10.4M,9.95M,11.1M
San Marino,,,,,,,,,,,,,,,,,,,,,,,,,,,,,,,0,0,900,1300,1900,2340,2280,2350,4980,9580,14.5k,15.9k,16.8k,16.9k,17.1k,17.1k,17.4k,17.5k,24.4k,29.9k,30.6k,35.5k,36k,36.8k,37.6k,36.6k,36.6k,38k,38.5k,38.8k,39k,40k
Somalia,0,,,,,0,,,,,0,,,,,0,0,0,0,0,0,0,0,0,0,0,0,0,0,0,0,0,0,0,0,0,0,0,0,0,80k,85k,100k,200k,500k,500k,550k,600k,627k,641k,648k,1.8M,2.3M,5.18M,5.5M,5.84M,6.65M,7.12M,7.65M,8.23M,8.84M,8.84M
Serbia,,,,,,,,,,,,,,,,,,,,,,,,,,,,,,,,,,,,,,,,,,,,,4.73M,5.51M,6.64M,8.45M,9.62M,9.91M,9.92M,10.2M,9.14M,9.2M,9.34M,9.16M,9.09M,8.62M,8.43M,8.45M,8.26M,8.5M
South Sudan,,,,,,,,,,,,,,,,,,,,,,,,,,,,,,,,,,,,,,,,,,,,,,,,,,,1.5M,1.8M,2.3M,2.85M,2.88M,2.9M,2.7M,2.79M,1.92M,2.22M,1.34M,
Sao Tome and Principe,0,,,,,0,,,,,0,,,,,0,0,0,0,0,0,0,0,0,0,0,0,0,0,0,0,0,0,0,0,0,0,0,0,0,0,0,1980,4820,7750,12k,18.4k,30.1k,50.6k,80.8k,103k,115k,122k,125k,129k,185k,178k,174k,163k,166k,174k,189k
Suriname,0,,,,,0,,,,,0,,,,,0,0,0,0,0,0,0,0,0,0,0,0,0,0,0,0,0,0,1080,1380,1690,2420,2260,6010,17.5k,41k,87k,108k,169k,213k,233k,320k,380k,657k,764k,521k,534k,569k,869k,928k,750k,807k,796k,752k,814k,899k,906k
Slovak Republic,0,,,,,0,,,,,0,,,,,0,0,0,0,0,0,0,0,0,0,0,0,0,0,0,0,119,1540,3130,5950,12.3k,28.7k,200k,465k,664k,1.24M,2.15M,2.92M,3.68M,4.28M,4.54M,4.89M,6.07M,5.52M,5.5M,5.93M,5.98M,6.09M,6.21M,6.38M,6.68M,6.99M,7.12M,7.24M,7.4M,7.29M,7.36M
Slovenia,0,,,,,0,,,,,0,,,,,0,0,0,0,0,0,0,0,0,0,0,0,0,0,0,0,523,3500,6500,16.3k,27.3k,41.2k,93.6k,162k,631k,1.22M,1.47M,1.67M,1.74M,1.85M,1.76M,1.82M,1.93M,2.05M,2.1M,2.12M,2.17M,2.24M,2.28M,2.33M,2.35M,2.39M,2.44M,2.47M,2.51M,2.55M,2.61M
Sweden,0,,,,,0,,,,,0,,,,,0,0,0,0,0,0,20.4k,27.2k,36.3k,57.9k,73k,113k,173k,243k,349k,461k,568k,656k,775k,1.38M,2.01M,2.49M,3.17M,4.11M,5.13M,6.37M,7.18M,7.95M,8.8M,8.79M,9.1M,9.61M,10.1M,10M,10.4M,11M,11.5M,11.8M,12M,12.3M,12.6M,12.5M,12.5M,12.6M,12.9M,12.8M,12.8M
Eswatini,0,,,,,0,,,,,0,,,,,0,0,0,0,0,0,0,0,0,0,0,0,0,0,0,0,0,0,0,0,0,0,0,4700,14k,33k,55k,68k,85k,145k,200k,250k,380k,532k,664k,726k,767k,805k,893k,917k,941k,995k,1.05M,,1.18M,1.24M,
Sint Maarten (Dutch part),,,,,,,,,,,,,,,,,,,,,,,,,,,,,,,,,,,,,,,,,,,,,,,,,,,,,68.8k,,,,,,,,,
Seychelles,0,,,,,0,,,,,0,,,,,0,0,0,0,0,0,0,0,0,0,0,0,0,0,0,0,0,0,0,0,50,1040,2250,5190,16.3k,26k,36.7k,44.7k,49.2k,54.4k,58.8k,70.3k,77.3k,93.5k,111k,118k,127k,136k,137k,151k,148k,152k,167k,179k,194k,183k,184k
Syria,0,,,,,0,,,,,0,,,,,0,0,0,0,0,0,0,0,0,0,0,0,0,0,0,0,0,0,0,0,0,0,0,0,4000,30k,200k,400k,1.19M,2.35M,2.95M,4.67M,6.23M,7.06M,10M,11.7M,12.9M,13M,12.3M,14M,14.3M,13.3M,15.4M,17.1M,17.7M,16.7M,17M
Turks and Caicos Islands,0,,,,,0,,,,,0,,,,,0,0,0,0,0,0,0,0,0,0,0,0,0,0,0,0,0,0,0,0,0,0,0,0,0,0,0,9050,19.4k,25.1k,,,,,,,,,,,,,,,,,
Chad,0,,,,,0,,,,,0,,,,,0,0,0,0,0,0,0,0,0,0,0,0,0,0,0,0,0,0,0,0,0,0,0,0,0,5500,22k,34.2k,65k,123k,210k,466k,918k,1.6M,2.28M,2.88M,3.67M,4.4M,4.56M,5.25M,5.47M,5.59M,6.37M,6.98M,7.66M,8.69M,
Togo,0,,,,,0,,,,,0,,,,,0,0,0,0,0,0,0,0,0,0,0,0,0,0,0,0,0,0,0,0,0,0,3000,7500,17k,50k,95k,165k,244k,333k,434k,708k,1.19M,1.55M,2.19M,2.6M,2.7M,3.31M,4.26M,4.52M,4.86M,5.51M,6.07M,6.14M,6.24M,6.52M,
Thailand,0,,,,,0,,,,,0,,,,,0,0,0,0,0,0,0,0,0,0,0,821,5880,17.6k,39.9k,63.2k,124k,251k,414k,737k,1.3M,1.84M,2.2M,1.98M,2.34M,3.06M,7.55M,17.4M,21.6M,27M,30.5M,40.1M,53M,61.8M,66M,71.7M,77.4M,85M,93.8M,97.1M,103M,120M,122M,125M,130M,116M,121M
Tajikistan,0,,,,,0,,,,,0,,,,,0,0,0,0,0,0,0,0,0,0,0,0,0,0,0,0,0,0,0,0,0,102,320,420,625,1160,1630,13.2k,47.6k,135k,265k,2.15M,2.13M,3.67M,4.9M,5.94M,6.32M,6.53M,7.54M,8M,8.49M,9.4M,9.9M,10M,11M,11.6M,
Turkmenistan,0,,,,,0,,,,,0,,,,,0,0,0,0,0,0,0,0,0,0,0,0,0,0,0,0,0,0,0,0,0,0,2500,3000,4000,7500,8170,8170,9190,50.1k,105k,217k,382k,1.14M,2.13M,3.2M,5.3M,5.9M,6.13M,7.21M,7.84M,8.57M,9.38M,9.38M,9.38M,9.38M,
Timor-Leste,,,,,,,,,,,,,,,,,,,,,,,,,,,,,,,0,,,,,,,,,,,,,20.1k,25.7k,33.1k,49.1k,78.2k,125k,351k,473k,614k,621k,650k,1.38M,1.38M,1.49M,1.56M,1.47M,1.43M,1.38M,1.39M
Tonga,0,,,,,0,,,,,0,,,,,0,0,0,0,0,0,0,0,0,0,0,0,0,0,0,0,0,0,0,0,300,302,120,130,140,180,236,3350,11.2k,16.4k,29.9k,30.1k,46.5k,50.5k,53k,54.3k,55k,56k,57.5k,68k,73.5k,80k,108k,108k,62.1k,62k,64.3k
Trinidad and Tobago,0,,,,,0,,,,,0,,,,,0,0,0,0,0,0,0,0,0,0,0,0,0,0,0,0,426,1280,1680,2600,6350,9530,17.1k,26.3k,38.7k,162k,256k,263k,336k,651k,924k,1.52M,1.51M,1.81M,1.85M,1.89M,1.83M,1.88M,1.94M,1.98M,2.12M,2.17M,2.03M,1.97M,2.16M,1.99M,2M
Tunisia,0,,,,,0,,,,,0,,,,,0,0,0,0,0,0,0,0,0,0,0,0,224,401,636,953,1240,1970,2270,2710,3190,6500,7660,39k,55.3k,119k,389k,574k,1.92M,3.74M,5.68M,7.34M,7.84M,8.6M,9.8M,11.1M,12.4M,12.8M,12.7M,14.3M,14.6M,14.3M,14.3M,14.8M,14.8M,14.9M,15.6M
Turkey,0,,,,,0,,,,,0,,,,,0,0,0,0,0,0,0,0,0,0,0,365,5100,9850,15.6k,31.8k,47.8k,61.4k,84.2k,175k,437k,806k,1.61M,3.51M,8.12M,16.1M,19.6M,23.3M,27.9M,34.7M,43.6M,52.7M,62M,65.8M,62.8M,61.8M,65.3M,67.7M,69.7M,71.9M,73.6M,75.1M,77.8M,80.1M,80.8M,82.1M,86.3M
Tuvalu,0,,,,,0,,,,,0,,,,,0,0,0,0,0,0,0,0,0,0,0,0,0,0,0,0,0,0,0,0,0,0,0,0,0,0,0,0,0,500,1300,1600,1800,,1000,1600,2130,2800,3400,3800,6600,7600,8000,8500,9000,9000,
Tanzania,0,,,,,0,,,,,0,,,,,0,0,0,0,0,0,0,0,0,0,0,0,0,0,0,0,0,0,0,371,3500,9040,20.2k,37.9k,51k,111k,276k,607k,1.3M,1.94M,2.96M,5.61M,8.25M,13M,17.5M,21M,25.7M,27.2M,27.4M,31.9M,39.7M,40M,40M,43.5M,47.7M,51.2M,54M
Uganda,0,,,,,0,,,,,0,,,,,0,0,0,0,0,0,0,0,0,0,0,0,0,0,0,0,0,0,0,0,1750,4000,5000,30k,56.4k,127k,284k,393k,776k,1.17M,1.32M,2.01M,4.2M,8.55M,9.38M,12.8M,16.7M,16.4M,18.1M,20.4M,20.2M,22.8M,24.9M,24.5M,25.4M,27.7M,30.1M
Ukraine,0,,,,,0,,,,,0,,,,,0,0,0,0,0,0,0,0,0,0,0,0,0,0,0,0,0,0,65,5000,14k,30k,57.2k,116k,217k,819k,2.22M,3.69M,6.5M,13.7M,30M,49.1M,55.2M,55.7M,54.9M,53.9M,55.6M,59.3M,62.5M,61.2M,60.7M,56.7M,55.7M,53.9M,54.8M,54M,55.9M
Uruguay,0,,,,,0,,,,,0,,,,,0,0,0,0,0,0,0,0,0,0,0,0,0,0,0,0,0,1710,4970,6830,39.9k,78.6k,99.2k,151k,319k,411k,520k,514k,498k,600k,1.15M,2.33M,3M,3.51M,4.11M,4.44M,4.76M,5M,5.27M,5.5M,5.17M,5.12M,5.1M,4.46M,4.53M,4.55M,4.69M
USA,0,,,,,0,,,,,0,,,,,0,0,0,0,0,0,,,,91.6k,340k,682k,1.23M,2.07M,3.51M,5.28M,7.56M,11M,16M,24.1M,33.8M,44M,55.3M,69.2M,86M,109M,129M,142M,161M,185M,204M,230M,249M,261M,274M,285M,297M,305M,311M,323M,332M,338M,340M,348M,356M,353M,362M
Uzbekistan,0,,,,,0,,,,,0,,,,,0,0,0,0,0,0,0,0,0,0,0,0,0,0,0,0,0,0,500,902,3730,9510,17.2k,26.8k,40.4k,53.1k,128k,187k,321k,544k,720k,2.53M,5.69M,12.4M,16.4M,21M,25.4M,20.3M,21.5M,21.6M,21.8M,23.3M,24.3M,23.2M,33.4M,33.4M,35.1M
St. Vincent and the Grenadines,0,,,,,0,,,,,0,,,,,0,0,0,0,0,0,0,0,0,0,0,0,0,0,0,0,,70,83,150,215,280,346,750,1420,2360,7490,9980,62.9k,72k,70.6k,87.6k,110k,130k,121k,132k,132k,127k,125k,115k,113k,113k,116k,112k,96.4k,97.1k,115k
Venezuela,0,,,,,0,,,,,0,,,,,0,0,0,0,0,0,0,0,0,0,0,0,0,1800,3690,7420,16.6k,78.6k,183k,319k,404k,582k,1.07M,2.01M,3.78M,5.45M,6.47M,6.54M,7.02M,8.42M,12.5M,18.8M,23.8M,27.4M,28.1M,27.9M,28.8M,30.6M,30.9M,30.5M,29.1M,27.6M,24.5M,20.7M,18.5M,16.5M,16.6M
British Virgin Islands,0,,,,,0,,,,,0,,,,,0,0,0,0,0,0,0,0,0,0,0,,,,,0,,,,,,1200,,,,,,8000,,,,,20.7k,23k,47k,47.5k,46.6k,48.7k,53.4k,54.8k,57.2k,39.7k,44k,40k,39.5k,35.2k,
Virgin Islands (U.S.),0,,,,,0,,,,,0,,,,,0,0,0,0,0,0,0,0,0,0,0,0,0,0,0,0,,,,,,,16k,25k,30k,35k,41k,45.1k,49.3k,64.2k,80.3k,,,,,,,,,,,,,,80k,80k,
Vietnam,0,,,,,0,,,,,0,,,,,0,0,0,0,0,0,0,0,0,0,0,0,0,0,0,0,0,800,4060,12.5k,23.5k,68.9k,160k,223k,329k,789k,1.25M,1.9M,2.74M,4.96M,9.59M,18.9M,45M,74.9M,98.2M,112M,127M,132M,124M,136M,120M,121M,120M,141M,136M,139M,135M
Vanuatu,0,,,,,0,,,,,0,,,,,0,0,0,0,0,0,0,0,0,0,0,0,0,0,0,0,0,0,0,64,121,154,207,220,300,365,350,4900,7800,10.5k,12.7k,15k,26k,36k,132k,170k,137k,146k,127k,156k,175k,219k,228k,251k,265k,246k,250k
Samoa,0,,,,,0,,,,,0,,,,,0,0,0,0,0,0,0,0,0,0,0,0,0,0,0,0,0,0,0,0,0,0,766,1480,2430,2500,2500,2700,10.5k,16k,24k,45.5k,86k,,,90k,,100k,99.9k,107k,121k,151k,124k,100k,84k,69k,
Yemen,0,,,,,0,,,,,0,,,,,0,0,0,0,0,0,0,0,0,0,0,0,0,0,0,0,0,1550,5170,8190,8250,8810,12.2k,16.1k,27.7k,32k,148k,487k,675k,1.48M,2.28M,2.98M,4.35M,6.45M,8.31M,11.1M,11.7M,13.9M,16.8M,17.1M,15M,16.4M,15.4M,15.3M,15.2M,15.2M,
South Africa,0,,,,,0,,,,,0,,,,,0,0,0,0,0,0,0,0,0,0,0,0,0,0,3980,5680,7100,12.5k,40k,340k,535k,953k,1.84M,3.34M,5.19M,8.34M,10.8M,13.7M,16.9M,20.8M,34M,39.7M,42.3M,45M,46.4M,50.4M,64M,68.4M,76.9M,79.3M,88M,82.4M,88.5M,92.4M,97M,96M,100M
Zambia,0,,,,,0,,,,,0,,,,,0,0,0,0,0,0,0,0,0,0,0,0,0,0,0,0,0,0,0,0,1550,2720,4550,8260,28.2k,98.9k,121k,139k,241k,464k,950k,1.66M,2.64M,3.54M,4.41M,5.45M,8.16M,10.5M,10.4M,10.1M,11.6M,12M,13.4M,15.5M,17.2M,19.1M,20.2M
Zimbabwe,0,,,,,0,,,,,0,,,,,0,0,0,0,0,0,0,0,0,0,0,0,0,0,0,0,0,0,0,0,0,0,5730,19k,174k,266k,314k,339k,364k,426k,647k,849k,1.23M,1.65M,3.99M,7.7M,9.2M,12.6M,13.6M,11.8M,12.8M,12.9M,14.1M,12.9M,13.2M,13.2M,14.3M
